{"(-1.0, -1.0)": [22.86162821451823, 22.57642718723842], "(-1.0, -0.5)": [23.342980066935223, 23.242744990757533], "(-1.0, 0.0)": [29.129615147908527, 29.420746667044504], "(-1.0, 0.5)": [25.998463948567707, 26.454044342041016], "(-1.0, 1.0)": [26.274505615234375, 26.657447814941406], "(-0.5, -1.0)": [19.405532836914062, 19.021171024867467], "(-0.5, -0.5)": [17.591150283813477, 17.508665357317245], "(-0.5, 0.0)": [23.06195131937663, 23.34513963971819], "(-0.5, 0.5)": [17.8279603322347, 18.215241023472377], "(-0.5, 1.0)": [23.761363347371418, 24.168296541486466], "(0.0, -1.0)": [18.020718256632488, 17.61614772251674], "(0.0, -0.5)": [14.259994506835938, 14.07853330884661], "(0.0, 0.0)": [2.7000123026255096e-08, 2.412790500727624e-08], "(0.0, 0.5)": [22.250025431315105, 22.405696868896484], "(0.0, 1.0)": [25.781835556030273, 26.100869587489537], "(0.5, -1.0)": [21.142112731933594, 20.86727033342634], "(0.5, -0.5)": [15.934911092122396, 15.747746195111956], "(0.5, 0.0)": [16.890243530273438, 16.85683195931571], "(0.5, 0.5)": [21.72926076253255, 21.9408506665911], "(0.5, 1.0)": [22.507483800252277, 22.81967408316476], "(1.0, -1.0)": [20.12529945373535, 19.929366520472936], "(1.0, -0.5)": [18.673166910807293, 18.469538824898855], "(1.0, 0.0)": [21.23508580525716, 21.186227525983536], "(1.0, 0.5)": [24.265233993530273, 24.473397663661412], "(1.0, 1.0)": [24.025196075439453, 24.31429018293108]}